Employee Estimate,Employees on Professional Networks,Employee Growth (Monthly),Employee Growth (Quarterly),Employee Growth (6 months),Employee Growth (Annual),Last Funding Amount,Total Funding Amount,Total Funding Rounds,Rank,is_us,company_age,is_tech_enabled,Days Since Last Funding Date,Days Since Last Touch Date,Days Since Last Pipeline Decline Date
,,,,,,,,1.0,0.0,0.5,5.0,0,,,
81.0,81.0,3.85,1.25,2.53,28.57,14000000.0,29000000.0,4.0,7.0,1.0,8.0,1,730.0,323.0,
21.0,22.0,0.0,0.0,-4.35,15.79,,,0.0,5.0,1.0,3.0,1,,323.0,
29.0,29.0,0.0,-3.33,-12.12,-9.38,8000000.0,8000000.0,2.0,6.0,0.5,7.0,1,1461.0,294.0,452.0
5.0,6.0,0.0,0.0,0.0,-14.29,,,0.0,0.0,1.0,29.0,1,,,
47.0,48.0,4.35,2.13,-5.88,-30.43,30000000.0,33370000.0,5.0,6.0,1.0,8.0,1,1411.0,,
600.0,599.0,-1.16,-1.16,4.36,10.31,20000000.0,51980000.0,4.0,0.0,1.0,10.0,1,1139.0,323.0,
16.0,17.0,6.25,6.25,13.33,30.77,,,0.0,4.0,1.0,9.0,1,,294.0,859.0
159.0,161.0,4.55,13.38,25.78,67.71,40000000.0,67500000.0,5.0,6.0,1.0,5.0,1,517.0,294.0,972.0
61.0,62.0,0.0,3.33,8.77,1.64,15700000.0,28100000.0,2.0,5.0,1.0,10.0,1,1872.0,,
41.0,41.0,,,,,40000000.0,60000000.0,4.0,4.0,0.5,6.0,1,426.0,,
221.0,220.0,0.92,7.84,22.22,41.03,36000000.0,36000000.0,1.0,4.0,1.0,11.0,1,914.0,298.0,
18.0,18.0,0.0,0.0,0.0,-5.26,,,0.0,5.0,1.0,13.0,1,,,
73.0,73.0,0.0,7.35,14.06,35.19,15000000.0,27900000.0,3.0,7.0,1.0,7.0,1,697.0,294.0,950.0
422.0,425.0,-0.23,1.43,3.91,31.17,92000000.0,190700000.0,4.0,0.0,1.0,26.0,1,718.0,,
49.0,249.0,15.28,96.06,289.06,522.5,46000000.0,62000000.0,4.0,9.0,1.0,11.0,1,311.0,298.0,
82.0,83.0,6.41,31.75,43.1,62.75,14500000.0,22000000.0,3.0,7.0,1.0,7.0,1,1089.0,294.0,376.0
21.0,22.0,-8.33,-8.33,-18.52,-31.25,130000.0,500000.0,2.0,6.0,1.0,12.0,1,3467.0,316.0,
138.0,96.0,0.0,1.05,-2.04,-1.03,,,0.0,6.0,1.0,14.0,0,,,
42.0,29.0,0.0,3.57,-9.38,-12.12,1390000.0,1640000.0,1.0,8.0,1.0,13.0,0,2488.0,,
25.0,26.0,0.0,0.0,0.0,-16.13,8000000.0,16640000.0,6.0,5.0,1.0,10.0,1,2035.0,316.0,
43.0,44.0,0.0,4.76,-4.35,7.32,12000000.0,18000000.0,3.0,8.0,1.0,6.0,1,746.0,294.0,354.0
48.0,120.0,1.69,3.45,3.45,-5.51,,,0.0,5.0,1.0,10.0,1,,316.0,
8.0,9.0,0.0,0.0,0.0,0.0,,,1.0,3.0,0.0,7.0,1,1530.0,,
63.0,64.0,-1.54,-4.48,-9.86,-9.86,30000000.0,43000000.0,4.0,9.0,1.0,5.0,1,1116.0,294.0,360.0
36.0,37.0,-5.13,-2.63,-2.63,12.12,3500000.0,7370000.0,3.0,6.0,1.0,7.0,1,629.0,294.0,457.0
67.0,68.0,0.0,-1.45,-2.86,-4.23,14000000.0,44710000.0,3.0,6.0,1.0,9.0,1,971.0,316.0,
45.0,46.0,0.0,2.22,6.98,9.52,,,1.0,3.0,1.0,18.0,1,4903.0,316.0,
9.0,4.0,0.0,0.0,33.33,33.33,130000.0,430000.0,4.0,0.0,1.0,5.0,1,1061.0,,
4.0,6.0,0.0,0.0,20.0,20.0,,,1.0,0.0,1.0,8.0,0,,,
55.0,55.0,-1.79,-6.78,-8.33,-8.33,3000000.0,16780000.0,3.0,9.0,1.0,10.0,0,1248.0,294.0,1054.0
14.0,14.0,-6.67,-12.5,27.27,55.56,1260000.0,1260000.0,1.0,3.0,1.0,6.0,1,1332.0,294.0,922.0
281.0,284.0,-0.35,2.16,4.03,10.51,90000000.0,135250000.0,4.0,2.0,1.0,9.0,1,997.0,,
154.0,155.0,6.16,7.64,15.67,31.36,,,0.0,6.0,1.0,44.0,1,,,
214.0,148.0,0.68,2.78,-0.67,4.96,,,0.0,9.0,0.0,12.0,0,,,
77.0,77.0,1.32,10.0,14.93,35.09,,,3.0,6.0,1.0,7.0,0,,294.0,859.0
9.0,7.0,0.0,0.0,0.0,75.0,,,0.0,0.0,1.0,,1,,,
65.0,66.0,-1.49,-2.94,0.0,-10.81,18000000.0,25500000.0,2.0,4.0,1.0,9.0,1,2410.0,316.0,
105.0,106.0,1.92,3.92,6.0,6.0,,,0.0,7.0,1.0,12.0,1,,293.0,
13.0,14.0,-12.5,-22.22,-26.32,16.67,,,0.0,6.0,1.0,10.0,1,,323.0,
3.0,3.0,0.0,0.0,0.0,0.0,90000.0,240000.0,2.0,0.0,1.0,7.0,1,537.0,,
9.0,10.0,11.11,-9.09,-16.67,-9.09,,,2.0,0.0,0.0,5.0,1,662.0,,
12.0,9.0,-10.0,0.0,-10.0,12.5,500000.0,500000.0,2.0,3.0,1.0,4.0,0,1433.0,,
49.0,50.0,0.0,2.04,4.17,-1.96,20000000.0,31840000.0,5.0,6.0,1.0,17.0,1,1795.0,323.0,
88.0,82.0,-1.2,-1.2,7.89,41.38,,,1.0,3.0,1.0,9.0,0,543.0,,
4.0,4.0,-20.0,-33.33,-50.0,-86.67,,,,7.0,1.0,6.0,1,,294.0,388.0
11.0,12.0,0.0,-14.29,100.0,50.0,1500000.0,1500000.0,2.0,1.0,1.0,4.0,1,569.0,,
28.0,29.0,3.57,11.54,26.09,16.0,7000000.0,11470000.0,8.0,4.0,1.0,6.0,1,593.0,294.0,922.0
64.0,64.0,-4.48,-3.03,-5.88,-16.88,25000000.0,30500000.0,2.0,9.0,1.0,6.0,1,1228.0,316.0,
168.0,169.0,1.2,3.68,7.64,4.97,,,1.0,2.0,1.0,20.0,1,321.0,323.0,
116.0,117.0,0.0,3.54,3.54,15.84,12000000.0,338649999.0,6.0,1.0,1.0,5.0,1,411.0,,
9.0,10.0,0.0,11.11,11.11,42.86,120000.0,310000.0,4.0,1.0,1.0,9.0,1,1196.0,,
39.0,40.0,5.26,5.26,8.11,-4.76,15000000.0,15000000.0,2.0,6.0,1.0,4.0,1,914.0,297.0,439.0
50.0,35.0,-5.41,0.0,6.06,20.69,9110000.0,9110000.0,1.0,9.0,0.0,20.0,1,1159.0,,
30.0,31.0,-8.82,-6.06,-6.06,6.9,9300000.0,9300000.0,1.0,8.0,1.0,8.0,1,745.0,294.0,915.0
4.0,,0.0,0.0,0.0,0.0,,,0.0,0.0,1.0,6.0,1,,,
118.0,115.0,0.88,3.6,5.5,4.55,,,0.0,5.0,1.0,13.0,0,,,
113.0,114.0,2.7,14.0,21.28,80.95,20110000.0,23200000.0,2.0,7.0,1.0,10.0,1,352.0,294.0,490.0
50.0,51.0,-5.56,-1.92,-1.92,2.0,,250000.0,1.0,6.0,1.0,14.0,1,2454.0,316.0,
54.0,54.0,1.89,-3.57,0.0,3.85,,,,7.0,1.0,9.0,1,,323.0,
26.0,24.0,-4.0,-14.29,-27.27,-7.69,,,0.0,6.0,1.0,7.0,0,,,
11.0,12.0,-7.69,9.09,20.0,20.0,,,0.0,3.0,1.0,8.0,1,,,
144.0,143.0,-2.05,0.7,-0.69,-1.38,33000000.0,54500000.0,6.0,7.0,1.0,7.0,1,886.0,316.0,
15.0,15.0,0.0,7.14,0.0,15.38,,620000.0,4.0,0.0,1.0,8.0,1,951.0,,
80.0,81.0,-1.22,3.85,9.46,20.9,12000000.0,27000000.0,4.0,5.0,1.0,5.0,1,578.0,294.0,752.0
55.0,56.0,0.0,-1.75,5.66,9.8,15000000.0,20000000.0,3.0,8.0,0.0,7.0,1,1160.0,294.0,340.0
46.0,94.0,0.0,6.82,9.3,16.05,13000000.0,15650000.0,4.0,6.0,1.0,6.0,1,1012.0,294.0,437.0
27.0,28.0,-3.45,12.0,16.67,21.74,1690000.0,6740000.0,4.0,7.0,1.0,5.0,1,551.0,294.0,1217.0
7.0,8.0,14.29,14.29,14.29,60.0,,,1.0,0.0,1.0,5.0,1,809.0,323.0,
83.0,83.0,0.0,2.47,-3.49,-4.6,15000000.0,15000000.0,1.0,5.0,1.0,24.0,1,2658.0,,
57.0,58.0,0.0,0.0,0.0,-7.94,12000000.0,13360000.0,3.0,6.0,1.0,11.0,1,1889.0,323.0,
378.0,377.0,0.0,1.07,1.62,2.17,,,0.0,0.0,1.0,29.0,1,,,
24.0,25.0,4.17,4.17,8.7,-3.85,5500000.0,8100000.0,4.0,4.0,1.0,8.0,1,724.0,,
161.0,162.0,0.0,4.52,-2.99,29.6,,12800000.0,4.0,2.0,1.0,25.0,1,1455.0,298.0,
26.0,27.0,0.0,-3.57,8.0,17.39,,2720000.0,3.0,8.0,1.0,7.0,1,1123.0,294.0,360.0
40.0,41.0,2.5,10.81,7.89,7.89,3000000.0,3000000.0,0.0,8.0,1.0,8.0,1,788.0,294.0,313.0
495.0,1545.0,0.72,2.25,4.6,7.37,,,0.0,0.0,0.0,36.0,0,,,
381.0,378.0,1.07,7.08,15.24,24.75,27000000.0,45000000.0,3.0,0.0,1.0,22.0,1,1083.0,316.0,
51.0,52.0,-3.7,-8.77,-11.86,-10.34,,,0.0,5.0,1.0,10.0,1,,294.0,859.0
30.0,31.0,-3.12,-11.43,-20.51,-18.42,2000000.0,3370000.0,4.0,6.0,1.0,13.0,1,2533.0,,
34.0,34.0,6.25,13.33,17.24,41.67,,850000.0,3.0,9.0,1.0,7.0,1,1354.0,294.0,920.0
28.0,28.0,0.0,7.69,3.7,40.0,,,0.0,4.0,1.0,7.0,1,,294.0,886.0
28.0,29.0,38.1,38.1,38.1,107.14,,,1.0,3.0,0.0,7.0,1,2059.0,,
3.0,4.0,0.0,0.0,-20.0,-20.0,120000.0,240000.0,3.0,0.0,1.0,6.0,1,1182.0,,
339.0,330.0,1.23,3.45,6.8,10.74,,,0.0,0.0,1.0,21.0,0,,,
2.0,3.0,0.0,0.0,-25.0,-40.0,150000.0,440000.0,5.0,0.0,0.0,9.0,1,976.0,316.0,
25.0,26.0,0.0,0.0,0.0,-7.14,8000000.0,8000000.0,1.0,6.0,1.0,4.0,1,1265.0,294.0,360.0
28.0,29.0,0.0,3.57,-14.71,-39.58,,,,5.0,1.0,7.0,1,,323.0,
13.0,14.0,0.0,-6.67,-33.33,-60.0,5500000.0,5500000.0,1.0,7.0,1.0,8.0,1,1412.0,294.0,844.0
25.0,26.0,4.0,0.0,0.0,4.0,10000000.0,14200000.0,2.0,9.0,1.0,6.0,1,922.0,294.0,419.0
49.0,49.0,0.0,0.0,-7.55,-7.55,20700000.0,35330000.0,4.0,6.0,1.0,6.0,1,1088.0,316.0,
5.0,6.0,0.0,0.0,0.0,-40.0,9000000.0,14220000.0,4.0,5.0,1.0,9.0,1,2193.0,,
137.0,95.0,0.0,1.06,2.15,-1.04,4010000.0,5990000.0,3.0,4.0,1.0,25.0,0,2490.0,,
18.0,19.0,11.76,11.76,11.76,26.67,,2100000.0,2.0,4.0,1.0,6.0,1,1102.0,323.0,
34.0,34.0,0.0,0.0,0.0,6.25,2300000.0,2300000.0,1.0,4.0,1.0,3.0,1,878.0,,
419.0,417.0,8.88,16.16,32.38,45.8,115000000.0,239440000.0,6.0,4.0,1.0,8.0,1,376.0,,
48.0,49.0,-3.92,-9.26,-19.67,-25.76,30000000.0,54239999.0,6.0,6.0,1.0,11.0,1,991.0,323.0,
30.0,30.0,0.0,0.0,15.38,30.43,5000000.0,9980000.0,5.0,6.0,0.0,3.0,1,543.0,323.0,
80.0,80.0,3.9,3.9,8.11,29.03,30000000.0,70000000.0,3.0,5.0,1.0,6.0,1,321.0,323.0,
19.0,20.0,-4.76,-16.67,-16.67,-25.93,5000000.0,5000000.0,2.0,6.0,1.0,6.0,1,775.0,294.0,425.0
10.0,11.0,0.0,-8.33,0.0,-8.33,100000.0,520000.0,4.0,0.0,1.0,5.0,1,916.0,,
9.0,10.0,0.0,11.11,25.0,100.0,120000.0,120000.0,1.0,0.0,1.0,7.0,1,1308.0,,
54.0,54.0,-6.9,-11.48,-8.47,17.39,,9000000.0,2.0,5.0,0.0,7.0,1,948.0,323.0,
138.0,96.0,2.13,5.49,11.63,29.73,,,0.0,4.0,1.0,,0,,,
77.0,78.0,0.0,6.85,11.43,13.04,15000000.0,38500000.0,5.0,5.0,1.0,7.0,1,628.0,294.0,347.0
79.0,80.0,0.0,1.27,-3.61,-33.88,35000000.0,51820000.0,6.0,9.0,1.0,10.0,1,1062.0,294.0,1096.0
347.0,,,,,9.52,21420000.0,39190000.0,3.0,0.0,1.0,20.0,1,697.0,,
347.0,,,,,12.54,30000000.0,36700000.0,3.0,0.0,0.0,15.0,1,601.0,,
346.0,,,,,6.52,50000000.0,94500000.0,8.0,0.0,1.0,15.0,1,1942.0,2103.0,
346.0,,,,,11.73,62000000.0,72000000.0,3.0,0.0,0.0,10.0,1,1348.0,316.0,
345.0,,,,,-7.55,30000000.0,64000000.0,5.0,0.0,1.0,13.0,1,2441.0,,
345.0,,,,,-1.15,,70950000.0,7.0,1.0,1.0,14.0,1,794.0,298.0,
343.0,,,,,4.24,,26400000.0,3.0,0.0,0.0,21.0,1,1048.0,2103.0,
341.0,,,,,1.48,15580000.0,39380000.0,6.0,0.0,0.0,14.0,1,2546.0,,
341.0,,,,,3.92,30000000.0,45300000.0,3.0,0.0,1.0,10.0,1,1927.0,,
338.0,,,,,8.95,,69000000.0,1.0,0.0,1.0,40.0,1,7063.0,,
337.0,,,,,6.37,40000000.0,67100000.0,3.0,0.0,1.0,6.0,1,1174.0,294.0,1174.0
337.0,,,,,158.78,50500000.0,64500000.0,3.0,0.0,1.0,6.0,1,759.0,294.0,
335.0,,,,,8.71,38000000.0,60740000.0,3.0,0.0,1.0,10.0,1,1027.0,,
334.0,,,,,-2.88,21000000.0,63750000.0,10.0,0.0,1.0,15.0,1,2188.0,294.0,
334.0,,,,,-11.75,5000000.0,42500000.0,7.0,0.0,0.0,10.0,1,481.0,,
332.0,,,,,-0.59,75000000.0,98500000.0,4.0,0.0,0.0,24.0,1,1533.0,316.0,
329.0,,,,,24.53,40000000.0,40000000.0,1.0,0.0,1.0,14.0,1,920.0,,
329.0,,,,,14.29,40000000.0,63540000.0,9.0,0.0,0.0,16.0,1,1747.0,316.0,
327.0,,,,,1.54,40000000.0,48900000.0,8.0,0.0,0.0,11.0,1,2064.0,,
326.0,,,,,12.89,40000000.0,79000000.0,4.0,0.0,1.0,11.0,1,1328.0,,
326.0,,,,,-6.9,55000000.0,55000000.0,1.0,0.0,0.5,18.0,1,3139.0,,
322.0,,,,,12.15,30000000.0,52600000.0,6.0,0.0,1.0,10.0,1,636.0,294.0,907.0
322.0,,,,,26.98,,34500000.0,0.0,0.0,1.0,17.0,1,,316.0,
321.0,,,,,13.68,27000000.0,28100000.0,2.0,0.0,1.0,16.0,1,1409.0,316.0,
319.0,,,,,-4.53,15000000.0,36600000.0,4.0,0.0,1.0,20.0,1,2952.0,,
317.0,,,,,18.59,40000000.0,96000000.0,6.0,0.0,1.0,12.0,1,2671.0,,
316.0,,,,,-17.19,30000000.0,97500000.0,8.0,0.0,1.0,13.0,1,3316.0,,
316.0,,,,,13.36,12000000.0,83800000.0,4.0,0.0,0.0,8.0,1,467.0,,
315.0,,,,,8.65,43000000.0,54710000.0,2.0,0.0,1.0,12.0,1,1117.0,,
314.0,,,,,-0.95,30000000.0,40120000.0,5.0,0.0,1.0,10.0,1,1314.0,,
313.0,,,,,0.96,25000000.0,92910000.0,11.0,0.0,1.0,16.0,1,2509.0,,
313.0,,,,,-16.18,85000000.0,98500000.0,2.0,0.0,1.0,10.0,1,1346.0,316.0,
313.0,,,,,-10.8,50000000.0,79000000.0,8.0,0.0,1.0,10.0,1,1432.0,,
312.0,,,,,35.22,,50000000.0,3.0,0.0,0.0,8.0,1,1061.0,,
311.0,,,,,-7.21,,54850000.0,11.0,0.0,1.0,12.0,1,1007.0,,
311.0,,,,,-0.64,21000000.0,49900000.0,5.0,0.0,1.0,28.0,1,3504.0,,
311.0,,,,,13.55,9750000.0,78210000.0,7.0,0.0,1.0,7.0,1,522.0,294.0,754.0
310.0,,,,,-15.99,,53000000.0,8.0,0.0,1.0,17.0,1,1535.0,,
309.0,,,,,1.98,4500000.0,26000000.0,7.0,0.0,0.0,11.0,1,3303.0,316.0,
309.0,,,,,80.36,30000000.0,52100000.0,4.0,0.0,0.0,8.0,1,363.0,,
308.0,,,,,6.99,8000000.0,53040000.0,6.0,0.0,1.0,16.0,1,1808.0,316.0,
306.0,,,,,-4.33,,,8.0,0.0,0.0,15.0,1,,316.0,
306.0,,,,,38.29,29610000.0,36910000.0,5.0,0.0,0.0,13.0,1,914.0,,
303.0,,,,,-2.57,50000000.0,80600000.0,3.0,0.0,0.0,12.0,1,1315.0,,
301.0,,,,,-0.66,20000000.0,93000000.0,4.0,0.0,1.0,10.0,1,573.0,298.0,
300.0,,,,,2.03,,25400000.0,0.0,0.0,1.0,37.0,1,3290.0,,
300.0,,,,,19.76,19000000.0,27000000.0,2.0,0.0,1.0,18.0,1,4987.0,,
297.0,,,,,26.81,34000000.0,49400000.0,3.0,0.0,1.0,6.0,1,1369.0,,
296.0,,,,,-4.81,,30000000.0,2.0,0.0,1.0,7.0,1,958.0,323.0,
295.0,,,,,16.93,61000000.0,92000000.0,6.0,0.0,1.0,13.0,1,1237.0,,
295.0,,,,,-2.3,100000000.0,100000000.0,2.0,0.0,1.0,7.0,1,1377.0,,
294.0,,,,,-1.01,22500000.0,49260000.0,6.0,0.0,1.0,17.0,1,3112.0,603.0,
294.0,,,,,32.58,300000.0,61700000.0,8.0,0.0,1.0,11.0,1,823.0,,
293.0,,,,,-3.27,14500000.0,60500000.0,7.0,0.0,1.0,27.0,1,7133.0,,
293.0,,,,,105.56,50000000.0,51500000.0,2.0,0.0,0.5,13.0,1,1207.0,,
291.0,,,,,72.94,32000000.0,46100000.0,4.0,0.0,1.0,9.0,1,508.0,323.0,
291.0,,,,,11.83,50000000.0,50000000.0,1.0,0.0,1.0,18.0,1,1479.0,,
291.0,,,,,-21.2,50000000.0,93000000.0,4.0,0.0,1.0,9.0,1,1439.0,316.0,
290.0,,,,,26.84,12000000.0,28680000.0,6.0,0.0,0.0,15.0,1,2957.0,323.0,
289.0,,,,,-6.43,15000000.0,97200000.0,5.0,0.0,1.0,13.0,1,581.0,,
289.0,,,,,3.93,,41000000.0,4.0,0.0,1.0,19.0,1,2068.0,316.0,
288.0,,,,,36.67,22000000.0,31000000.0,2.0,0.0,1.0,5.0,1,1328.0,,
288.0,,,,,3.58,30000000.0,45930000.0,3.0,0.0,0.0,9.0,1,828.0,,
286.0,,,,,1.06,34000000.0,44000000.0,2.0,0.0,0.0,26.0,1,1557.0,,
285.0,,,,,13.1,54000000.0,59000000.0,3.0,0.0,0.0,13.0,1,2050.0,,
284.0,,,,,-8.12,15000000.0,55000000.0,5.0,0.0,0.0,24.0,1,1397.0,,
283.0,,,,,-2.05,30000000.0,97500000.0,4.0,0.0,1.0,32.0,1,465.0,,
282.0,,,,,6.74,48610000.0,48610000.0,1.0,0.0,1.0,23.0,1,2782.0,,
281.0,,,,,46.07,25000000.0,35000000.0,2.0,0.0,0.0,3.0,1,854.0,,
280.0,,,,,-5.98,,71060000.0,5.0,0.0,1.0,10.0,1,1403.0,316.0,
280.0,,,,,50.0,20000000.0,31500000.0,2.0,0.0,1.0,5.0,1,390.0,294.0,746.0
279.0,,,,,-1.07,23000000.0,29150000.0,6.0,0.0,0.0,19.0,1,549.0,293.0,333.0
279.0,,,,,8.59,36000000.0,54000000.0,3.0,0.0,1.0,5.0,1,956.0,330.0,
278.0,,,,,85.43,28230000.0,34630000.0,3.0,0.0,0.0,8.0,1,1420.0,,
278.0,,,,,1.47,31000000.0,66780000.0,3.0,0.0,1.0,9.0,1,1452.0,,
278.0,,,,,13.47,27000000.0,27000000.0,3.0,0.0,1.0,7.0,1,1479.0,294.0,425.0
277.0,,,,,-2.46,50000000.0,66000000.0,5.0,0.0,1.0,7.0,1,1238.0,,
277.0,,,,,22.67,50000000.0,92000000.0,10.0,0.0,1.0,11.0,1,817.0,,
276.0,,,,,-7.0,,75000000.0,2.0,0.0,1.0,24.0,1,1832.0,,
276.0,,,,,-1.08,19500000.0,39100000.0,5.0,0.0,1.0,16.0,1,2046.0,,
275.0,,,,,3.36,7990000.0,66190000.0,4.0,0.0,1.0,25.0,1,1551.0,,
274.0,,,,,-10.39,52000000.0,75000000.0,4.0,0.0,1.0,13.0,1,2019.0,316.0,
274.0,,,,,20.8,23000000.0,39000000.0,2.0,0.0,1.0,13.0,1,789.0,,
273.0,,,,,11.74,10000000.0,69000000.0,5.0,0.0,1.0,8.0,1,537.0,,
272.0,,,,,40.0,30000000.0,35510000.0,5.0,0.0,1.0,14.0,1,1392.0,,
272.0,,,,,5.45,19000000.0,96000000.0,4.0,0.0,0.0,13.0,1,781.0,,
272.0,,,,,12.3,65349999.0,65349999.0,1.0,0.0,0.0,32.0,1,626.0,,
271.0,,,,,-22.95,33000000.0,40100000.0,3.0,0.0,1.0,15.0,1,2098.0,316.0,
271.0,,,,,48.11,50000000.0,98800000.0,8.0,0.0,1.0,7.0,1,717.0,,
271.0,,,,,-8.08,57000000.0,72800000.0,4.0,0.0,1.0,16.0,1,3819.0,,
270.0,,,,,20.54,15350000.0,44780000.0,8.0,0.0,0.0,11.0,1,747.0,,
268.0,,,,,-10.14,30000000.0,44500000.0,5.0,0.0,1.0,8.0,1,1234.0,,
268.0,,,,,-16.92,25000000.0,66500000.0,3.0,0.0,1.0,14.0,1,375.0,298.0,
267.0,,,,,12.77,41000000.0,50200000.0,4.0,0.0,0.0,18.0,1,2243.0,,
267.0,,,,,15.02,5620000.0,68330000.0,7.0,0.0,1.0,20.0,1,2175.0,,
266.0,,,,,33.33,50000000.0,77030000.0,6.0,0.0,1.0,10.0,1,1208.0,,
264.0,,,,,23.72,7500000.0,65030000.0,10.0,0.0,1.0,20.0,1,3350.0,,
263.0,,,,,5.58,3900000.0,30900000.0,3.0,0.0,1.0,5.0,1,1221.0,294.0,388.0
262.0,,,,,60.12,50000000.0,78700000.0,4.0,0.0,1.0,6.0,1,663.0,,
262.0,,,,,32.66,50000000.0,80940000.0,3.0,0.0,0.0,11.0,1,541.0,,
261.0,,,,,6.56,30000000.0,70000000.0,2.0,0.0,1.0,11.0,1,2164.0,,
261.0,,,,,11.59,30000000.0,30000000.0,4.0,0.0,0.5,9.0,1,1159.0,,
261.0,,,,,7.35,30000000.0,41000000.0,4.0,0.0,1.0,10.0,1,732.0,,
260.0,,,,,-4.03,50000000.0,68000000.0,2.0,0.0,1.0,24.0,1,3834.0,,
260.0,,,,,7.47,50000000.0,62000000.0,4.0,0.0,1.0,24.0,1,3314.0,,
260.0,,,,,14.6,10400000.0,60400000.0,2.0,0.0,1.0,12.0,1,901.0,323.0,
259.0,,,,,19.63,55000000.0,55000000.0,1.0,0.0,0.0,10.0,1,1047.0,316.0,
258.0,,,,,4.82,360000.0,39590000.0,3.0,0.0,1.0,133.0,1,4294.0,,
258.0,,,,,-2.65,40000000.0,78000000.0,4.0,0.0,1.0,10.0,1,1516.0,,
258.0,,,,,-3.0,80000000.0,80000000.0,0.0,0.0,1.0,18.0,1,3883.0,,
257.0,,,,,23.67,55000000.0,100000000.0,5.0,0.0,1.0,10.0,1,1775.0,,
255.0,,,,,98.46,25000000.0,51000000.0,2.0,0.0,0.0,4.0,1,473.0,,
254.0,,,,,52.69,20000000.0,32000000.0,4.0,0.0,0.0,5.0,1,661.0,294.0,
254.0,,,,,20.48,15000000.0,41490000.0,5.0,0.0,1.0,22.0,1,1322.0,,
253.0,,,,,15.6,25000000.0,68300000.0,8.0,0.0,1.0,10.0,1,690.0,,
253.0,,,,,-0.4,20000000.0,91060000.0,6.0,0.0,0.0,15.0,1,1804.0,323.0,
253.0,,,,,19.25,52000000.0,78490000.0,5.0,0.0,1.0,6.0,1,409.0,,
253.0,,,,,4.1,20000000.0,33330000.0,3.0,0.0,0.5,6.0,1,951.0,,
252.0,,,,,33.86,5000000.0,50360000.0,6.0,0.0,1.0,16.0,1,2455.0,294.0,1311.0
252.0,,,,,-5.66,55000000.0,65860000.0,3.0,0.0,0.0,8.0,1,1174.0,,
252.0,,,,,-16.05,15000000.0,25330000.0,7.0,0.0,1.0,13.0,1,1314.0,,
252.0,,,,,3.25,61980000.0,62760000.0,2.0,0.0,0.0,11.0,1,1188.0,,
252.0,,,,,-8.73,15000000.0,60000000.0,6.0,0.0,1.0,20.0,1,5921.0,,
252.0,,,,,-14.92,61880000.0,94450000.0,5.0,0.0,1.0,8.0,1,705.0,,
252.0,,,,,-7.38,,94000000.0,6.0,0.0,1.0,17.0,1,1508.0,,
251.0,,,,,-1.18,37600000.0,54500000.0,4.0,0.0,0.0,15.0,1,2749.0,,
250.0,,,,,-15.2,2700000.0,79700000.0,4.0,0.0,0.0,14.0,1,2468.0,298.0,
250.0,,,,,32.63,22000000.0,34080000.0,6.0,0.0,1.0,14.0,1,1194.0,316.0,
249.0,,,,,-18.15,10750000.0,78380000.0,3.0,0.0,1.0,8.0,1,865.0,,
249.0,,,,,2.43,10000000.0,64839999.0,4.0,0.0,1.0,9.0,1,1277.0,,
245.0,,,,,-1.98,28000000.0,28020000.0,8.0,0.0,0.0,15.0,1,2652.0,,
244.0,,,,,-16.89,50000000.0,100000000.0,5.0,0.0,0.0,18.0,1,1019.0,,
244.0,,,,,-13.33,40000000.0,79500000.0,3.0,0.0,1.0,14.0,1,1389.0,,
244.0,,,,,42.44,27500000.0,36750000.0,3.0,0.0,0.0,4.0,1,1108.0,,
243.0,,,,,1.24,,92500000.0,5.0,0.0,1.0,13.0,1,1405.0,,
242.0,,,,,19.7,5820000.0,29680000.0,2.0,0.0,0.0,24.0,1,1278.0,,
241.0,,,,,1.67,,60390000.0,8.0,0.0,1.0,14.0,1,1323.0,,
241.0,,,,,32.6,29990000.0,33690000.0,2.0,0.0,0.0,9.0,1,1140.0,,
240.0,,,,,24.74,13750000.0,39750000.0,5.0,0.0,1.0,8.0,1,738.0,293.0,409.0
240.0,,,,,6.11,75000000.0,100000000.0,4.0,0.0,1.0,14.0,1,647.0,,
240.0,,,,,-17.97,16030000.0,72120000.0,4.0,0.0,0.0,11.0,1,805.0,,
240.0,,,,,111.4,66000000.0,92160000.0,6.0,0.0,0.0,7.0,1,375.0,316.0,
240.0,,,,,-3.97,26000000.0,38840000.0,4.0,0.0,0.0,16.0,1,1487.0,323.0,
240.0,,,,,12.62,30000000.0,58000000.0,4.0,0.0,0.0,7.0,1,987.0,,
239.0,,,,,3.48,990000.0,62650000.0,7.0,0.0,1.0,15.0,1,1991.0,,
239.0,,,,,17.24,39000000.0,49500000.0,5.0,0.0,0.0,11.0,1,1934.0,323.0,
238.0,,,,,49.69,30000000.0,45320000.0,5.0,0.0,1.0,9.0,1,1361.0,294.0,1188.0
238.0,,,,,20.2,30000000.0,39480000.0,5.0,0.0,1.0,10.0,1,1286.0,,
238.0,,,,,17.73,45000000.0,63150000.0,3.0,0.0,1.0,14.0,1,1390.0,,
238.0,,,,,8.26,50000000.0,60020000.0,6.0,0.0,1.0,16.0,1,1391.0,323.0,
237.0,,,,,44.51,34000000.0,34000000.0,1.0,0.0,1.0,17.0,1,1573.0,,
237.0,,,,,-0.42,46000000.0,54140000.0,10.0,0.0,1.0,11.0,1,1083.0,316.0,
237.0,,,,,53.21,,,6.0,0.0,1.0,13.0,1,,,
236.0,,,,,17.41,70000000.0,99740000.0,6.0,0.0,1.0,10.0,1,1454.0,323.0,
236.0,,,,,11.85,34000000.0,34000000.0,2.0,0.0,1.0,13.0,1,2056.0,,
236.0,,,,,11.79,45000000.0,45000000.0,1.0,0.0,0.0,31.0,1,325.0,,
236.0,,,,,29.83,35000000.0,35000000.0,1.0,0.0,0.0,17.0,1,662.0,,
236.0,,,,,12.5,20000000.0,81600000.0,8.0,0.0,1.0,27.0,1,2511.0,,
235.0,,,,,21.13,50000000.0,71120000.0,4.0,0.0,1.0,11.0,1,1013.0,,
235.0,,,,,-4.84,60000000.0,81500000.0,3.0,0.0,1.0,11.0,1,1055.0,,
234.0,,,,,36.63,12000000.0,45000000.0,3.0,0.0,1.0,6.0,1,746.0,,
233.0,,,,,24.21,27200000.0,62760000.0,6.0,0.0,1.0,11.0,1,1089.0,,
233.0,,,,,-3.73,890000.0,64390000.0,6.0,0.0,1.0,17.0,1,3880.0,2103.0,
232.0,,,,,-11.45,50000000.0,65820000.0,9.0,0.0,1.0,10.0,1,1189.0,316.0,
232.0,,,,,49.36,27000000.0,29000000.0,3.0,0.0,1.0,9.0,1,923.0,,
231.0,,,,,17.59,38000000.0,57870000.0,6.0,0.0,1.0,11.0,1,1522.0,,
231.0,,,,,23.28,20000000.0,36510000.0,5.0,0.0,0.0,12.0,1,1397.0,,
231.0,,,,,3.6,35000000.0,65000000.0,2.0,0.0,1.0,11.0,1,1855.0,,
231.0,,,,,-4.56,33000000.0,49800000.0,5.0,0.0,1.0,22.0,1,1636.0,316.0,
230.0,,,,,27.37,23000000.0,48270000.0,8.0,0.0,1.0,10.0,1,601.0,,
230.0,,,,,-2.14,24000000.0,31000000.0,5.0,0.0,1.0,12.0,1,1292.0,,
230.0,,,,,-3.33,40000000.0,40000000.0,0.0,0.0,1.0,21.0,1,1706.0,729.0,
230.0,,,,,20.31,40000000.0,62700000.0,8.0,0.0,1.0,20.0,1,844.0,,
230.0,,,,,5.0,24900000.0,67900000.0,5.0,0.0,0.0,20.0,1,2762.0,,
230.0,,,,,60.42,1070000.0,27790000.0,7.0,0.0,1.0,22.0,1,2613.0,316.0,
230.0,,,,,22.63,45000000.0,87000000.0,3.0,0.0,1.0,5.0,1,404.0,,
229.0,,,,,20.0,43500000.0,43500000.0,0.0,0.0,1.0,29.0,1,1367.0,,
229.0,,,,,55.03,30000000.0,43000000.0,5.0,0.0,0.0,10.0,1,384.0,,
228.0,,,,,-0.44,45000000.0,98000000.0,11.0,0.0,1.0,11.0,1,1530.0,316.0,
227.0,,,,,5.56,65000000.0,73200000.0,3.0,0.0,1.0,17.0,1,2504.0,,
227.0,,,,,11.11,,37700000.0,5.0,0.0,1.0,16.0,1,412.0,,
227.0,,,,,54.05,6200000.0,44350000.0,7.0,0.0,1.0,6.0,1,537.0,294.0,405.0
225.0,,,,,9.66,29820000.0,29820000.0,2.0,0.0,0.0,26.0,1,1927.0,316.0,
225.0,,,,,1.79,70000000.0,82550000.0,4.0,0.0,1.0,14.0,1,1144.0,,
224.0,,,,,23.76,25000000.0,25000000.0,1.0,0.0,1.0,41.0,1,2803.0,,
224.0,,,,,195.24,60000000.0,80000000.0,2.0,0.0,1.0,4.0,1,438.0,,
224.0,,,,,30.99,25000000.0,47500000.0,4.0,0.0,1.0,7.0,1,1374.0,316.0,
223.0,,,,,4.65,26000000.0,97660000.0,8.0,0.0,1.0,15.0,1,1328.0,323.0,
223.0,,,,,15.46,26000000.0,28050000.0,4.0,0.0,1.0,8.0,1,794.0,,
223.0,,,,,28.32,53000000.0,53000000.0,1.0,0.0,1.0,14.0,1,1572.0,,
222.0,,,,,92.24,23000000.0,33950000.0,5.0,0.0,0.0,9.0,1,878.0,,
222.0,,,,,-12.65,9230000.0,65430000.0,2.0,1.0,0.0,6.0,1,1699.0,,
222.0,,,,,15.18,50000000.0,74000000.0,3.0,0.0,1.0,18.0,1,761.0,323.0,
221.0,,,,,16.93,42000000.0,42000000.0,1.0,0.0,1.0,39.0,1,2749.0,,
221.0,,,,,41.03,36000000.0,36000000.0,1.0,0.0,1.0,11.0,1,914.0,298.0,
221.0,,,,,-7.08,100000000.0,100000000.0,2.0,0.0,0.0,12.0,1,1319.0,,
220.0,,,,,25.14,27250000.0,27550000.0,5.0,0.0,1.0,12.0,1,1732.0,316.0,
349.0,,,,,23.57,9610000.0,33610000.0,4.0,0.0,0.0,9.0,1,389.0,,
343.0,,,,,-9.07,23900000.0,51880000.0,3.0,0.0,0.0,12.0,1,1788.0,,
340.0,,,,,11.92,50000000.0,54000000.0,3.0,0.0,0.0,11.0,1,2477.0,,
338.0,,,,,32.94,35000000.0,55500000.0,3.0,0.0,0.0,5.0,1,1089.0,,
336.0,,,,,21.45,25000000.0,55000000.0,4.0,0.0,0.0,8.0,1,1238.0,,
335.0,,,,,32.14,55000000.0,89850000.0,5.0,0.0,0.0,8.0,1,438.0,,
335.0,,,,,34.8,40000000.0,40000000.0,2.0,0.0,0.0,5.0,1,1088.0,,
328.0,,,,,-11.86,25000000.0,53500000.0,9.0,0.0,0.0,14.0,1,863.0,,
324.0,,,,,32.39,41500000.0,69430000.0,7.0,0.0,0.0,6.0,1,481.0,,
322.0,,,,,-18.84,,52030000.0,8.0,0.0,0.0,9.0,1,581.0,,
315.0,,,,,2.26,40000000.0,40000000.0,1.0,0.0,0.0,15.0,1,991.0,,
314.0,,,,,23.81,34000000.0,43000000.0,4.0,0.0,0.0,12.0,1,733.0,,
310.0,,,,,15.79,28000000.0,55000000.0,4.0,0.0,0.0,6.0,1,725.0,,
309.0,,,,,43.12,,31570000.0,9.0,0.0,0.0,13.0,1,1654.0,,
309.0,,,,,14.13,29450000.0,81450000.0,4.0,0.0,0.0,11.0,1,516.0,,
309.0,,,,,10.79,19530000.0,72160000.0,4.0,0.0,0.0,5.0,1,313.0,,
306.0,,,,,0.98,22000000.0,58090000.0,2.0,0.0,0.0,14.0,1,1663.0,,
302.0,,,,,7.8,20000000.0,28720000.0,6.0,0.0,0.0,5.0,1,2350.0,,
300.0,,,,,0.33,25000000.0,32800000.0,5.0,0.0,0.0,10.0,1,1166.0,,
299.0,,,,,14.45,8500000.0,32510000.0,11.0,0.0,0.0,11.0,1,745.0,,
295.0,,,,,9.56,47300000.0,54550000.0,4.0,0.0,0.0,9.0,1,1326.0,,
294.0,,,,,11.03,24000000.0,40000000.0,5.0,0.0,0.0,5.0,1,573.0,,
291.0,,,,,35.68,45000000.0,66000000.0,3.0,0.0,0.0,8.0,1,1340.0,,
289.0,,,,,-1.37,30000000.0,30000000.0,1.0,0.0,0.0,8.0,1,1388.0,,
285.0,,,,,35.55,44000000.0,98950000.0,4.0,0.0,0.0,9.0,1,530.0,,
282.0,,,,,42.0,27960000.0,51340000.0,5.0,0.0,0.0,12.0,1,327.0,,
282.0,,,,,23.11,38000000.0,55000000.0,4.0,0.0,0.0,4.0,1,716.0,,
281.0,,,,,8.98,,79680000.0,2.0,0.0,0.0,10.0,1,471.0,,
280.0,,,,,33.01,60000000.0,92970000.0,5.0,0.0,0.0,16.0,1,649.0,,
279.0,,,,,-16.12,25550000.0,29050000.0,5.0,0.0,0.0,11.0,1,1608.0,,
279.0,,,,,40.61,30000000.0,30000000.0,1.0,0.0,0.0,9.0,1,579.0,,
278.0,,,,,1.09,27000000.0,30000000.0,3.0,0.0,0.0,14.0,1,3106.0,323.0,
277.0,,,,,23.21,29000000.0,38120000.0,5.0,0.0,0.0,10.0,1,1439.0,323.0,
277.0,,,,,53.3,33000000.0,33000000.0,1.0,0.0,0.0,8.0,1,464.0,,
275.0,,,,,4.53,10000000.0,60700000.0,5.0,0.0,0.0,13.0,1,815.0,,
271.0,,,,,13.81,10000000.0,71900000.0,7.0,0.0,0.0,8.0,1,429.0,,
271.0,,,,,5.0,62000000.0,77620000.0,4.0,0.0,0.0,10.0,1,1250.0,,
264.0,,,,,106.29,26340000.0,26340000.0,1.0,0.0,0.0,7.0,1,584.0,,
263.0,,,,,6.4,69000000.0,69000000.0,1.0,0.0,0.0,48.0,1,1900.0,,
261.0,,,,,14.85,6620000.0,41139998.0,5.0,0.0,0.0,26.0,1,360.0,316.0,
258.0,,,,,71.52,28040000.0,49270000.0,7.0,0.0,0.0,9.0,1,655.0,,
258.0,,,,,-8.8,38000000.0,50000000.0,5.0,0.0,0.5,10.0,1,1194.0,,
255.0,,,,,62.18,60000000.0,83500000.0,3.0,0.0,0.0,6.0,1,683.0,,
249.0,,,,,16.67,18050000.0,33640000.0,5.0,0.0,0.0,11.0,1,563.0,,
248.0,,,,,53.99,17500000.0,34860000.0,4.0,0.0,0.0,6.0,1,1154.0,,
247.0,,,,,-3.11,24000000.0,31500000.0,4.0,0.0,0.0,10.0,1,1192.0,,
246.0,,,,,0.41,38010000.0,49950000.0,3.0,0.0,0.0,9.0,1,1327.0,,
246.0,,,,,99.19,27000000.0,40000000.0,5.0,0.0,0.0,8.0,1,593.0,316.0,
245.0,,,,,30.32,58890000.0,58890000.0,1.0,0.0,0.0,14.0,1,1329.0,,
243.0,,,,,65.99,40000000.0,64620000.0,4.0,0.0,0.0,6.0,1,599.0,,
243.0,,,,,64.0,25000000.0,25000000.0,1.0,0.0,0.5,25.0,1,641.0,,
242.0,,,,,40.46,,44480000.0,3.0,0.0,0.0,14.0,1,682.0,,
241.0,,,,,104.2,50000000.0,72350000.0,3.0,0.0,0.0,9.0,1,719.0,316.0,
239.0,,,,,6.14,15000000.0,39500000.0,5.0,0.0,0.0,14.0,1,1347.0,,
238.0,,,,,36.99,10830000.0,27140000.0,3.0,0.0,0.0,10.0,1,1110.0,,
237.0,,,,,,20000000.0,54000000.0,4.0,0.0,0.0,22.0,1,297.0,294.0,976.0
235.0,,,,,43.56,35000000.0,47000000.0,5.0,0.0,0.0,6.0,1,1104.0,,
234.0,,,,,-28.83,,25220000.0,7.0,0.0,0.0,10.0,1,907.0,,
234.0,,,,,-18.69,10000000.0,74070000.0,6.0,0.0,0.0,11.0,1,978.0,,
229.0,,,,,37.72,56970000.0,70980000.0,5.0,0.0,0.0,10.0,1,1692.0,,
229.0,,,,,-18.57,35000000.0,35000000.0,1.0,0.0,0.0,12.0,1,1004.0,,
228.0,,,,,-1.72,61000000.0,81000000.0,2.0,0.0,0.0,8.0,1,955.0,,
227.0,,,,,90.08,49790000.0,58680000.0,5.0,0.0,0.0,15.0,1,957.0,323.0,
226.0,,,,,-11.37,,39969999.0,16.0,0.0,0.0,12.0,1,1195.0,,
225.0,,,,,0.44,35540000.0,69430000.0,6.0,0.0,0.5,11.0,1,1131.0,316.0,
225.0,,,,,-1.75,14000000.0,44050000.0,10.0,0.0,0.0,15.0,1,877.0,,
224.0,,,,,12.69,38330000.0,38330000.0,1.0,0.0,0.0,18.0,1,1403.0,,
224.0,,,,,62.59,20000000.0,30720000.0,3.0,0.0,0.0,20.0,1,1099.0,294.0,340.0
223.0,,,,,2.76,26000000.0,26000000.0,2.0,0.0,0.0,17.0,1,1271.0,,
222.0,,,,,,,25000000.0,3.0,0.0,0.0,8.0,1,301.0,,
221.0,,,,,35.76,70000000.0,81090000.0,3.0,0.0,0.0,6.0,1,1081.0,294.0,1104.0
221.0,,,,,41.03,,78320000.0,14.0,0.0,0.0,11.0,1,402.0,,
221.0,,,,,-5.6,,56310000.0,6.0,0.0,0.5,13.0,1,1202.0,,
